libgeo,year,codgeo,cancers,average pm2.5,average pm10,pop,age_over_60,prop_over60,no2_avg,o3_avg,somo35_avg,pm10_avg,pm25_avg,proportion_homme,taux_pauvrete
Ain,2015,1,0.042856442,NA,21.28671783,631877,190883,0.302088856,15.57795026,55.29484969,5390.438788,18.71270407,12.73728675,0.628606517,10.9
Ain,2016,1,0.043560324,NA,19.02600897,638425,194707,0.304980225,14.26920032,50.6733311,4048.722067,16.95623795,11.45320848,0.627741708,10.7
Ain,2017,1,0.044680435,NA,18.23799716,643906,198908,0.308908443,14.42373009,54.85666661,4669.52947,16.66614905,10.86396893,0.627081682,NA
Ain,2018,1,0.045688284,8.841900648,14.23296448,648744,203222,0.313254535,12.37428355,59.33432198,6437.275715,14.82563881,9.655711156,0.626549451,10.3
Ain,2019,1,0.046184112,9.205282016,13.53137302,653688,207950,0.318118124,12.37007896,57.97849907,5534.800312,13.85552906,8.561282911,0.626157008,10.7
Aisne,2015,2,0.047618252,13.09341594,18.78088646,538659,184482,0.342483835,14.19434145,50.73467432,3322.490179,18.48140153,12.16159615,0.619169085,19
Aisne,2016,2,0.047058955,13.24055294,16.89021309,536136,186456,0.34777743,11.81022698,45.79652953,2195.701124,17.46918241,11.60878361,0.619044422,18.9
Aisne,2017,2,0.047631629,16.82422592,17.68521885,533679,189047,0.354233537,11.69993527,48.68117278,2675.199515,17.31677556,10.98274618,0.61933619,NA
Aisne,2018,2,0.049180945,NA,17.47406398,531100,191278,0.360154397,10.90892708,54.73975851,4423.503448,17.709983,10.83672905,0.619562357,18.4
Aisne,2019,2,0.050055301,NA,17.56440578,528016,193446,0.366363898,10.7273967,53.18571426,3337.874297,16.65674979,9.643965474,0.619074257,18.4
Allier,2015,3,0.064166176,NA,16.63093606,341613,157006,0.459601947,13.256542,54.84955081,4473.083881,15.72415167,10.77766955,0.609168855,15.5
Allier,2016,3,0.065501025,7.997440945,16.85609493,339384,158217,0.466188742,10.50883065,51.12803169,3206.730435,13.43817109,9.410056538,0.607933786,15.5
Allier,2017,3,0.067152878,7.605035714,13.45870519,337439,160175,0.474678386,10.42109152,54.73415198,3380.302595,13.73010289,8.967111043,0.607915074,NA
Allier,2018,3,0.068703519,7.198975791,13.11784517,335354,161213,0.480724846,9.613935475,58.23523643,5228.36245,13.33369303,8.329788056,0.607406128,15.5
Allier,2019,3,0.070166484,6.817637555,12.67006309,333065,162517,0.487943795,9.3245837,59.79264282,5256.864804,13.02060749,7.910924566,0.606277667,15.4
Alpes-de-Haute-Provence,2015,4,0.059518291,NA,14.83989018,161799,70824,0.437728293,14.62066847,64.85717837,6843.59234,17.63374989,11.43113603,0.619843139,16.8
Alpes-de-Haute-Provence,2016,4,0.061021745,9.908366029,13.22441514,162565,71566,0.440230062,10.14119546,64.13749949,6505.624978,16.01993347,10.32300012,0.619832067,16.4
Alpes-de-Haute-Provence,2017,4,0.062595016,10.52091674,14.7467239,162473,72874,0.44852991,10.48751069,67.25815546,7083.368262,16.91579896,10.37809001,0.619949364,NA
Alpes-de-Haute-Provence,2018,4,0.064211194,9.434767857,14.03046549,162277,74377,0.45833359,9.342770793,67.23065295,6753.200557,15.22450641,8.972795977,0.620296888,16.8
Alpes-de-Haute-Provence,2019,4,0.065440178,7.03597846,11.81060352,161980,76170,0.47024324,9.221610859,68.64201573,7368.495683,14.94377346,8.127508901,0.620912019,16.6
Alpes-Maritimes,2015,6,0.056575884,15.31363241,27.57805722,1082440,450438,0.416132072,24.74917689,59.81114616,6937.211063,23.94705456,14.583405,0.601563135,15.8
Alpes-Maritimes,2016,6,0.056749814,12.96045659,24.62978993,1083704,455687,0.420490281,23.1880422,58.23741257,5621.75185,21.88231102,12.95547915,0.601580321,15.7
Alpes-Maritimes,2017,6,0.058197019,13.89701764,26.39197838,1083217,459940,0.424605596,22.81920075,64.02249804,7430.458525,22.04269744,13.00929358,0.601045869,NA
Alpes-Maritimes,2018,6,0.059798233,12.53330629,23.58631513,1082139,464593,0.429328395,19.93272387,60.83502324,6263.277227,19.37958373,11.44618395,0.601077796,15.8
Alpes-Maritimes,2019,6,0.061615378,12.07683912,24.12895065,1080899,470455,0.435244181,19.3159479,61.72650035,6694.651666,20.32830283,11.05531879,0.601492392,15.8
Ardèche,2015,7,0.051910959,NA,15.85897688,324209,134107,0.413643668,14.20463248,61.05872348,5921.233409,17.57718338,12.03987595,0.620821754,14.8
Ardèche,2016,7,0.052036401,NA,15.19571181,325157,136206,0.418893027,11.98595365,58.01023556,5105.666896,16.2402935,10.41137798,0.621035377,14.4
Ardèche,2017,7,0.053622099,NA,20.2125,325985,138950,0.426246606,11.74092225,61.45722238,5552.719606,16.2855582,9.886706855,0.619191187,NA
Ardèche,2018,7,0.055138504,NA,NA,326632,140912,0.431409047,10.78531106,64.73724128,6584.80535,14.01071579,8.909719706,0.61852247,14.4
Ardèche,2019,7,0.056787081,NA,NA,327011,143111,0.437633596,10.42961003,64.93203643,6539.031985,14.24846061,8.303424071,0.61818154,14.3
Ardennes,2015,8,0.051484778,NA,NA,277752,99876,0.35958697,12.61405907,52.10340661,3556.867706,17.13794819,10.75758074,0.618220571,19.5
Ardennes,2016,8,0.052801493,7.461632506,18.02286251,275371,101379,0.368154236,10.49828643,47.35829334,2323.67853,15.27008237,9.698573483,0.616048894,19.4
Ardennes,2017,8,0.054543323,6.12267023,15.32726508,272994,102139,0.374143754,10.38688906,50.24137998,2825.914331,15.54153327,9.306706265,0.615215349,NA
Ardennes,2018,8,0.055914504,7.106360557,15.03565126,270234,103241,0.38204297,9.422670748,56.7949387,4869.590175,15.75597174,9.221519649,0.613212005,18.9
Ardennes,2019,8,0.057290518,6.076567146,14.32678084,267409,104435,0.390544073,9.611188856,55.11015008,3725.932859,14.43915945,8.068698804,0.612216513,18.6
Ariège,2015,9,0.049705244,NA,NA,152499,67604,0.443307825,11.12772836,63.75712675,4365.980481,16.85858288,11.01912294,0.621020466,18.5
Ariège,2016,9,0.049520798,NA,NA,153067,68191,0.445497723,10.52047707,60.23167772,3835.206955,16.11912894,9.769268372,0.622648905,18.5
Ariège,2017,9,0.051711514,NA,NA,152964,69765,0.456087707,7.780700938,61.10401113,3751.63428,16.82360319,10.12522765,0.621065209,NA
Ariège,2018,9,0.053207174,NA,NA,152611,70395,0.461270813,8.199757984,61.18182157,4369.221168,15.17599062,8.72717126,0.621061029,18
Ariège,2019,9,0.055008534,NA,NA,152340,71507,0.469390836,6.327598472,63.76269123,4720.62838,15.56249472,8.443449478,0.620726678,17.9
Aube,2015,10,0.045040381,NA,NA,309056,113636,0.367687409,13.45231805,51.64643661,3896.065083,19.14225556,13.16665103,0.617221474,15.9
Aube,2016,10,0.045191156,17.49989059,23.43986502,308910,114028,0.369130167,12.05197959,46.05326778,2331.807532,16.16727466,10.8823881,0.616130912,16.2
Aube,2017,10,0.046637235,12.06536848,18.18423762,309195,115441,0.373359854,11.59049839,49.43863041,2878.426988,16.62857826,10.92172553,0.615495774,NA
Aube,2018,10,0.04874136,11.8156904,17.5701932,309183,116638,0.377245838,11.09176387,56.66449785,5054.621679,16.53455435,10.571816,0.615026851,16.2
Aube,2019,10,0.050595729,11.17324626,16.51416942,309117,117934,0.381518972,10.53962358,55.64068267,4159.751917,15.34023295,9.207249023,0.615110478,16.3
Aude,2015,11,0.052730974,NA,NA,366957,159062,0.433462231,12.33998598,65.66616156,5306.410324,17.59993029,11.06467963,0.614469815,21.4
Aude,2016,11,0.053963725,NA,NA,368025,161443,0.438674003,12.81211034,63.23570021,4980.993681,16.88668335,10.15008422,0.612776306,21.1
Aude,2017,11,0.055585124,NA,NA,368264,164130,0.445685704,9.922403457,64.18029571,4785.144576,17.00702434,10.04566929,0.611473019,NA
Aude,2018,11,0.057476726,NA,NA,368323,167445,0.454614564,10.28222552,65.00017909,5637.182793,15.01415475,8.662115419,0.611292665,20.7
Aude,2019,11,0.058829763,NA,NA,368011,170512,0.463333976,8.452640826,66.11183206,5591.715074,15.27183501,8.436915532,0.611814255,20.2
Aveyron,2015,12,0.050113014,NA,NA,279169,131280,0.470252786,11.91494293,62.30744568,4848.52923,15.55648418,10.67870172,0.629647275,14.4
Aveyron,2016,12,0.050090241,NA,NA,278697,131578,0.472118466,9.355916003,59.51836637,3818.210439,13.23884474,8.752316159,0.627236748,13.7
Aveyron,2017,12,0.051296778,NA,NA,278575,133185,0.478093871,8.97233074,61.18074381,4134.128324,13.80822177,8.677909879,0.62729311,NA
Aveyron,2018,12,0.052980228,NA,NA,278217,134132,0.482112883,7.968594667,63.94408592,5444.658801,12.95314912,7.823427613,0.626382728,14
Aveyron,2019,12,0.054516013,NA,NA,277900,135779,0.488589421,7.465283085,64.83575425,5224.026454,13.06424512,7.45828631,0.626724506,13.8
Bas-Rhin,2015,67,0.048260076,17.11565137,24.23681565,1116658,347938,0.311588687,20.26042996,47.58605058,4663.886417,20.26163224,14.76572544,0.606239332,13.1
Bas-Rhin,2016,67,0.048599661,14.42119957,20.93654718,1121407,355528,0.317037436,20.36100485,42.45261315,3062.682213,17.74854852,13.00769627,0.605952165,13.1
Bas-Rhin,2017,67,0.049681338,15.91342137,21.76109204,1123762,365445,0.325197862,18.21571334,46.97207478,3599.972182,18.01472726,13.50189588,0.606575044,NA
Bas-Rhin,2018,67,0.05089106,10.42981763,19.2700811,1125345,373800,0.332164803,18.67225578,53.1333461,6080.132893,17.53554736,12.33480672,0.606544081,13.7
Bas-Rhin,2019,67,0.051886143,11.19863587,17.86563088,1126505,381655,0.338795656,16.73711539,51.19486791,4926.8825,15.59831227,10.8063063,0.606101542,13.2
Bouches-du-Rhône,2015,13,0.048675458,14.6168378,23.96733671,2016622,694245,0.344261344,23.55716116,58.56198322,6625.72187,22.65094592,13.4893861,0.606708149,18.6
Bouches-du-Rhône,2016,13,0.049041524,13.74215996,22.67246822,2019717,703461,0.348296816,21.52721571,59.74082048,6417.641898,21.37765093,12.85927748,0.60661964,18.5
Bouches-du-Rhône,2017,13,0.050229052,13.30799492,24.05882127,2025521,716218,0.353596926,21.23313368,60.8248448,6293.024919,23.02881987,12.49310157,0.606373897,NA
Bouches-du-Rhône,2018,13,0.051352794,12.17144807,22.08659598,2030464,727752,0.358416598,19.01036662,64.13450225,7644.71497,19.43093324,11.32730089,0.606977392,18.7
Bouches-du-Rhône,2019,13,0.052161481,11.1422002,21.2645053,2035410,739947,0.363537076,19.1169879,63.40708425,7184.308114,19.0804717,10.13034122,0.607625052,18.3
Calvados,2015,14,0.048156014,11.33973892,19.24486571,693579,249396,0.359578361,13.06419802,55.18345228,2400.882912,17.76784068,10.376463,0.608954423,12.9
Calvados,2016,14,0.049129352,11.90043289,18.40172207,693679,253911,0.366035299,12.33375177,51.0883541,2086.589544,16.91743167,10.72584719,0.607083392,12.6
Calvados,2017,14,0.050668978,9.867065259,16.58419279,693521,258550,0.372807745,11.63856271,53.80684772,2370.1112,15.55186218,8.873124003,0.605969435,NA
Calvados,2018,14,0.051800082,9.526383963,16.88322672,692663,263736,0.380756587,11.31032041,56.42933957,3370.047497,16.47691768,9.491686799,0.604140943,12.4
Calvados,2019,14,0.053449881,9.489895103,16.16228788,691676,267839,0.387231883,10.74746463,56.89299801,2928.095464,15.85676301,9.128344892,0.602995395,12.1
Cantal,2015,15,0.062303805,NA,14.13930988,146219,70289,0.480710441,11.61214413,64.31718142,4825.834974,14.60319611,10.15980563,0.614584972,14.3
Cantal,2016,15,0.064397235,NA,9.398568641,145969,70766,0.484801567,8.3688685,61.4215145,3795.718464,11.57270392,7.987584366,0.614034487,13.4
Cantal,2017,15,0.067232327,7.70298103,10.22864667,145317,71363,0.491085007,8.545607778,61.99019357,4005.968525,11.90914774,7.650927915,0.612540736,NA
Cantal,2018,15,0.069797877,6.265945358,9.714872568,144417,71691,0.496416627,7.33251732,66.3642547,5601.399912,11.33696055,6.981674926,0.611599005,13
Cantal,2019,15,0.072200909,6.573635427,9.657609935,143627,72308,0.503442946,7.176645491,65.95938187,5286.539692,11.70791136,6.863785439,0.612436626,13
Charente,2015,16,0.048357951,11.2885941,18.58539553,353613,151159,0.427470144,12.22061304,50.90614402,2912.695891,17.38278861,11.43069712,0.616046356,14.9
Charente,2016,16,0.048175992,9.800982389,16.48692432,353288,152649,0.432080908,10.60724429,48.85099559,2452.567857,15.0309032,9.862814003,0.613012613,14.9
Charente,2017,16,0.049575292,8.706621733,16.36613972,352595,155273,0.440372098,10.06838972,50.86804964,2719.503854,15.32603894,9.121510684,0.611418111,NA
Charente,2018,16,0.051151477,8.500922789,16.42631991,351505,156850,0.446224094,8.948683655,55.66571534,3728.758211,14.71293108,8.562532313,0.611031984,15
Charente,2019,16,0.052963682,9.150718907,16.92658748,350240,158468,0.452455459,8.94005622,56.74118941,3801.785652,14.69707022,8.516499201,0.610951742,14.6
Charente-Maritime,2015,17,0.059396379,10.3454218,21.69230549,639938,290343,0.45370489,11.14956857,54.87258926,2958.98257,18.42440404,10.97523626,0.609366845,13.5
Charente-Maritime,2016,17,0.059686293,9.410092647,18.56019943,642191,294558,0.458676624,9.782290311,53.17365601,2768.656584,16.09389321,9.860527077,0.606979855,13.4
Charente-Maritime,2017,17,0.0610948,8.399240166,21.95464254,644081,300317,0.466272099,9.368434233,55.21283403,2945.241439,16.54458123,9.25145322,0.606275308,NA
Charente-Maritime,2018,17,0.063225802,9.038758696,18.9634098,645148,305802,0.474002864,7.995633375,59.15215918,3861.344216,16.11872636,8.69868489,0.605956119,12.8
Charente-Maritime,2019,17,0.064750718,9.080902494,18.6046631,646016,311688,0.482477214,7.810314149,60.63148913,4099.36354,15.84177709,8.555429042,0.605398688,12.5
Cher,2015,18,0.052363815,12.23119832,17.97404858,308992,132294,0.428147007,12.07307404,53.45512905,4022.449771,16.52660451,11.6275248,0.616161583,14.7
Cher,2016,18,0.052456774,10.8897236,15.57120642,307110,133637,0.43514376,9.17475641,50.06703397,2914.7468,14.19009773,9.776360156,0.616062649,14.9
Cher,2017,18,0.053379674,NA,18.75645043,304985,134966,0.442533239,8.502720892,53.20450104,3128.066019,13.61033959,8.643263061,0.613000237,NA
Cher,2018,18,0.054532723,NA,15.17441923,302754,135875,0.448796713,8.377618428,58.39495324,5186.292542,13.81119814,8.358732853,0.613069006,14.3
Cher,2019,18,0.056034167,NA,14.50354759,300174,136876,0.45598886,7.73324176,59.04444245,4672.118006,13.4490496,8.081283701,0.613144519,14
Corrèze,2015,19,0.054119758,NA,18.48046192,241871,112848,0.466562755,12.64465949,53.35589928,4001.266099,16.56752957,11.19039954,0.614153826,13.1
Corrèze,2016,19,0.051296913,NA,15.31954313,241535,113281,0.469004492,10.29263321,49.33088228,2637.627636,13.27154456,8.958915454,0.614358168,13.2
Corrèze,2017,19,0.051231715,NA,14.2994904,241452,114883,0.475800573,10.49043587,52.07743643,3095.665661,13.54288651,8.617824612,0.613097605,NA
Corrèze,2018,19,0.052097149,NA,12.61769151,241280,115902,0.480363064,8.426165185,56.28163521,4562.089246,12.70464061,7.759008063,0.612847589,13.1
Corrèze,2019,19,0.052993489,NA,13.8015938,240973,116907,0.485145639,8.329365443,56.77726062,4281.975107,13.2301455,7.706644146,0.612184996,13
Corse-du-Sud,2015,2A,0.061611995,10.26323296,23.39743373,152730,60926,0.398913115,13.81785057,68.38061342,6600.200862,19.46761801,10.72671771,0.6082564,17.4
Corse-du-Sud,2016,2A,0.05988218,NA,23.78449997,154303,62008,0.401858681,12.65690211,66.94708245,5978.166893,18.10839476,8.907523371,0.608199452,17.2
Corse-du-Sud,2017,2A,0.060946271,NA,25.58867517,155875,64585,0.414338412,12.8888641,69.40073362,6515.48289,18.71866623,9.309440481,0.609301172,NA
Corse-du-Sud,2018,2A,0.063416618,NA,23.89838139,157372,66502,0.422578349,12.10924287,66.23493066,5663.980057,18.69014577,9.473303444,0.611057653,16.1
Corse-du-Sud,2019,2A,0.064735516,9.284982619,20.48223415,158800,68157,0.429200252,11.70577645,66.84633539,5711.383224,17.28402665,8.43705015,0.61194949,16
Côte-d'Or,2015,21,0.049198439,13.50942199,16.97941662,533147,NA,NA,15.74433766,53.94807821,4867.609909,16.97613706,12.6059898,NA,11.7
Côte-d'Or,2016,21,0.049323629,11.88877577,15.89060883,533213,NA,NA,14.01404872,49.27128986,3180.360424,14.90511025,10.7738556,NA,11.6
Côte-d'Or,2017,21,0.050204907,10.1168363,14.60980547,533414,NA,NA,13.94488157,53.54281607,3975.609931,14.33887486,9.685530133,NA,NA
Côte-d'Or,2018,21,0.051611161,8.161508657,14.83531734,533218,NA,NA,12.08442241,58.32573999,5611.686005,14.57010519,9.396668359,NA,11.2
Côte-d'Or,2019,21,0.053011723,6.847319865,14.906887,532901,NA,NA,12.10273538,60.36416779,5463.229354,14.19766805,7.714894317,NA,11.2
Côtes-d'Armor,2015,22,0.049970168,NA,17.54620201,598357,262593,0.438856736,10.51790551,59.34730585,2175.832734,17.06301078,9.639192445,0.618856302,12.1
Côtes-d'Armor,2016,22,0.050705147,NA,17.58700637,598953,265250,0.442856117,8.866921262,54.57867389,1807.669664,15.91617438,9.566689179,0.61655756,12.1
Côtes-d'Armor,2017,22,0.052297148,NA,17.99067376,598503,267545,0.447023657,8.202513097,57.57382365,2176.315656,15.70833234,8.85396438,0.6150925,NA
Côtes-d'Armor,2018,22,0.054685408,NA,18.9818823,597600,270611,0.452829652,7.490609468,60.41912322,3285.363202,17.06125506,9.917916195,0.614092367,11.7
Côtes-d'Armor,2019,22,0.056578343,NA,15.45088565,596518,274189,0.459649164,7.375112459,59.57458333,2598.186328,16.0519992,8.971156586,0.612860293,11.6
Creuse,2015,23,0.06330744,NA,15.94668567,120365,62874,0.522361151,11.36135339,61.14719962,4047.732801,15.05507256,10.68603269,0.616965065,18.6
Creuse,2016,23,0.063848304,NA,13.40352642,119502,62947,0.526744322,7.682774303,57.57545639,2979.484177,12.71463443,8.888570154,0.614173821,18.4
Creuse,2017,23,0.064726826,NA,13.93083225,118807,62456,0.525692931,7.445267953,59.56058338,3144.290566,12.87616932,8.299052757,0.611406126,NA
Creuse,2018,23,0.066065863,NA,11.95937248,118064,62384,0.528391381,6.311734022,60.7139683,4368.628262,12.68219984,7.835373541,0.609346096,18.7
Creuse,2019,23,0.067155275,NA,11.88311933,117340,62589,0.533398671,6.137420434,61.92073198,4312.524268,12.42918704,7.523663515,0.608382947,18.1
Département,Year,NA,NA,NA,NA,NA,NA,NA,Moyenne annuelle de concentration de NO2 ponderee par la population (ug/m3),Moyenne annuelle de concentration de O3 ponderee par la population (ug/m3),Moyenne annuelle de somo 35 pondere par la population (ug/m3.jour),Moyenne annuelle de concentration de PM10 ponderee par la population (ug/m3),Moyenne annuelle de concentration de PM25 ponderee par la population (ug/m3),NA,NA
Deux-Sèvres,2015,79,0.051651154,11.08516723,17.714819,374435,149630,0.399615421,10.90783258,54.36676277,3049.461258,16.94529673,11.13947718,0.629097173,12.5
Deux-Sèvres,2016,79,0.051475278,10.01666667,15.52787305,374743,150578,0.401816712,9.214784742,51.83775963,2475.148133,15.15556133,10.05763732,0.626845598,12.4
Deux-Sèvres,2017,79,0.052213823,9.896264815,16.3718964,375188,152505,0.40647622,8.710434154,54.60499618,3046.63608,15.56879869,9.7025729,0.625266127,NA
Deux-Sèvres,2018,79,0.05350673,8.989385207,15.80884183,375093,153980,0.410511526,7.76591607,58.95189392,4183.960877,14.75603304,8.788901739,0.624090209,12.3
Deux-Sèvres,2019,79,0.055378755,7.958411961,15.98366918,374873,155991,0.416116925,7.314661316,59.38777288,4055.118382,14.73464963,8.686001701,0.622849102,12.2
Dordogne,2015,24,0.055173476,NA,15.8787081,415417,201015,0.483887275,11.2562796,53.43925422,3868.095493,16.75268794,11.29580206,0.612796299,16.5
Dordogne,2016,24,0.055281119,NA,13.77089769,414789,203155,0.489779141,8.399583253,50.67466275,3070.55097,14.08629776,9.34318882,0.611366261,16.5
Dordogne,2017,24,0.056449057,NA,13.41669912,413293,205389,0.496957364,8.274446828,51.79558358,3035.906376,14.48071145,9.113570902,0.610755163,NA
Dordogne,2018,24,0.058348218,NA,11.90194412,411495,207557,0.50439738,6.85706683,56.33858794,4277.148112,13.42654095,8.019811979,0.610401526,16.3
Dordogne,2019,24,0.060774317,6.688537596,13.12341352,409548,209732,0.512106029,6.573498331,57.68916967,4237.58816,13.6882626,7.682274736,0.610363013,16
Doubs,2015,25,0.044305059,14.33419753,18.66775882,536959,177353,0.330291512,15.0734624,59.28098788,5103.382643,18.24896213,13.19917542,0.620486853,12.3
Doubs,2016,25,0.043301538,12.67276944,16.09630733,538549,180310,0.334807046,13.55333046,53.99882984,3680.859541,16.23841315,12.00621717,0.620415227,12.2
Doubs,2017,25,0.043755806,11.04884855,18.67154441,539357,182923,0.339150136,13.89191179,58.90743671,4381.407911,15.6731737,10.79386748,0.620147403,NA
Doubs,2018,25,0.044866069,11.11476202,16.40814906,539606,185974,0.344647762,11.18892792,60.94104585,6091.481061,15.74584467,10.73094309,0.619983576,12.1
Doubs,2019,25,0.045619271,9.790909626,14.78350634,539465,188514,0.349446211,12.24322486,61.78753396,5407.166587,13.59101517,8.59442537,0.619534835,12.1
Drôme,2015,26,0.049203685,12.75600184,19.98417801,504637,183483,0.363594029,16.7082351,56.2564761,6121.318491,19.94708788,13.39156362,0.621171258,15.5
Drôme,2016,26,0.049133278,10.65167175,18.3297161,508006,187183,0.36846612,14.86945636,53.5023249,5310.873726,18.32563874,11.53340306,0.62198478,15.2
Drôme,2017,26,0.049779842,13.1845931,18.93428478,511452,192412,0.376207347,14.15629098,58.56334797,5925.214611,17.96733559,10.92315047,0.620315002,NA
Drôme,2018,26,0.050934347,9.476963229,15.94577672,514584,196483,0.381828817,13.23452455,60.93729628,6961.434192,15.19021299,9.767152834,0.619480184,14.8
Drôme,2019,26,0.051796047,8.73602365,15.23691168,517414,201153,0.388766056,12.7536495,61.35076926,6856.516874,15.25389814,9.177054554,0.618961065,14.6
Essonne,2015,91,0.040556858,9.651176262,15.89971788,1276233,332865,0.260818362,21.39890209,48.79607307,3452.842148,18.06242179,11.68991586,0.62260653,12.9
Essonne,2016,91,0.040999588,8.641196603,13.7783222,1287330,336736,0.261577063,22.723344,42.86903556,2115.339795,18.01124877,11.35571033,0.622823985,12.9
Essonne,2017,91,0.042023936,7.452469501,12.74465001,1296642,290334,0.223912229,22.24199894,46.02220697,2746.050442,17.31246119,10.33734085,0.622547893,NA
Essonne,2018,91,0.042541851,8.376194399,14.06190139,1305773,349705,0.267814544,21.22024252,52.24236804,4674.561,17.44739669,10.72231063,0.622632408,13.1
Essonne,2019,91,0.04253031,7.78182814,13.21488522,1314827,356802,0.27136802,19.69450376,52.77056126,3984.322282,15.885772,9.155131336,0.622821895,13.3
Eure,2015,27,0.046183391,NA,16.91905859,601948,191866,0.318741818,13.43062309,52.78072484,3061.18807,17.02296076,11.11313912,0.624487497,13.2
Eure,2016,27,0.047194459,NA,16.41263815,602825,195663,0.324576784,11.90071077,47.52641987,2320.697574,16.61369973,10.53769641,0.622578692,13
Eure,2017,27,0.048295116,NA,15.67868134,604616,199366,0.329739868,11.23017381,50.66989363,2698.886398,16.08396825,9.450383835,0.620741622,NA
Eure,2018,27,0.049503643,NA,15.50929134,605612,203253,0.335615873,11.63463575,54.89464347,4123.396416,16.20331502,9.798343775,0.619642872,12.5
Eure,2019,27,0.050987848,NA,14.20433271,606419,207654,0.342426606,10.87173231,55.23810573,3588.940924,15.23380792,9.077756916,0.618406087,12.5
Eure-et-Loir,2015,28,0.045848837,10.00188834,18.15212308,434035,149252,0.343870886,12.73400818,53.77032225,3589.528187,16.8564611,10.80571895,0.626126925,12.1
Eure-et-Loir,2016,28,0.046274851,11.49216867,18.08846159,433929,152388,0.351181875,11.36938233,48.95695228,2519.811501,16.13327376,10.68320262,0.625337325,12.2
Eure-et-Loir,2017,28,0.047019087,9.932060803,17.95635446,433441,154012,0.355324023,10.1640113,51.80954679,2994.687727,16.12341375,9.574864867,0.625889533,NA
Eure-et-Loir,2018,28,0.048431916,10.28023198,16.34249876,432566,157344,0.363745648,10.6409595,57.20355231,4725.246106,15.7618789,9.839945288,0.624641913,12
Eure-et-Loir,2019,28,0.049161291,NA,14.91116354,431437,159319,0.369275236,9.721021055,57.89976802,4426.861696,14.35718337,8.489454401,0.624326137,11.9
Finistère,2015,29,0.053646414,9.148020434,20.71463905,907796,353506,0.389411277,11.19403733,61.15643507,2348.609486,17.7806861,9.356781138,0.613408739,10.9
Finistère,2016,29,0.054104106,6.437325301,16.6388047,908249,358073,0.394245411,9.301595211,55.96782705,1957.575997,15.0866689,8.299440818,0.61227703,10.8
Finistère,2017,29,0.055209722,7.531580172,15.91303842,907630,363150,0.400107974,8.585376825,59.38440564,2352.830261,15.67931508,8.332013912,0.610961379,NA
Finistère,2018,29,0.056899459,7.825276089,16.56073909,906687,367181,0.404969962,7.576990045,62.51697328,3582.023348,16.59440665,9.033135368,0.609938454,10.6
Finistère,2019,29,0.058426624,7.486623832,17.47423905,905238,371720,0.410632342,7.426850932,61.66647034,2941.444331,16.65553279,8.406161898,0.609300244,10.4
Gard,2015,30,0.047128852,13.50672971,19.71567301,738189,280856,0.380466249,15.52439347,60.94768897,6423.656647,18.97770007,12.69774138,0.612734679,20.1
Gard,2016,30,0.047627647,11.42323629,18.56786237,742006,284974,0.384058889,13.88365094,58.41220936,5567.084643,17.44080658,11.34621349,0.611961359,19.8
Gard,2017,30,0.048879076,10.90465941,18.56878436,743672,290318,0.390384471,13.52908838,61.50820416,5827.034241,17.4350935,10.70039282,0.611364485,NA
Gard,2018,30,0.051036434,9.513450418,16.30023358,744958,295953,0.397274746,12.16049574,64.74511665,6958.358008,15.19697577,9.439782977,0.610842682,19.8
Gard,2019,30,0.052416608,8.037114947,17.10722152,745756,302458,0.405572332,12.14443787,65.35107885,6818.29114,15.59198533,8.350397052,0.610651662,19.6
Gers,2015,32,0.049703559,8.674403635,15.77803272,190932,89648,0.469528418,10.36977359,59.73981145,4367.582831,17.58208902,11.07987715,0.624976431,14.8
Gers,2016,32,0.050245458,7.716167769,13.34620367,190664,90537,0.474851047,9.152594304,57.03047576,3796.400793,14.73308908,8.870263139,0.623804179,15
Gers,2017,32,0.052470416,10.53771825,16.67357781,190393,92162,0.484061914,7.721348244,57.47819863,3801.114724,15.8072131,10.12842735,0.622342235,NA
Gers,2018,32,0.054102748,6.949776313,10.34535656,189824,92962,0.489727326,6.773631866,60.78790835,4669.241412,13.41087838,7.876268363,0.62150285,14.9
Gers,2019,32,0.055776808,6.49389101,10.53651932,189326,94038,0.496698816,5.885756097,62.56870503,5059.994908,13.80036442,7.660311016,0.620953592,14.7
Gironde,2015,33,0.049810201,13.95091449,21.96593178,1548478,505727,0.32659618,14.35293057,52.58191906,3813.976254,18.82459138,12.63376883,0.602864878,12.9
Gironde,2016,33,0.05050173,12.16911293,19.00565514,1566679,515220,0.328861241,13.66468959,51.02391538,3209.110645,16.40249201,10.96532697,0.602295046,12.7
Gironde,2017,33,0.051774219,12.21904875,19.17618393,1585345,527517,0.332745869,12.82729207,52.22466132,3447.81117,17.0610328,10.92527452,0.601715692,NA
Gironde,2018,33,0.053222583,10.31522929,18.24319972,1602891,536767,0.334874299,11.78239276,56.58590169,4415.493946,15.89018933,9.344478361,0.601532423,12.6
Gironde,2019,33,0.054319013,11.10428834,17.64686864,1620243,547180,0.337714775,11.20450444,58.61169999,4663.961972,15.76470851,8.751881229,0.601512872,12.6
Guadeloupe,2015,971,0.036508455,NA,17.8885724,397990,118726,0.298314028,NA,NA,NA,NA,NA,NA,NA
Guadeloupe,2016,971,0.037908198,NA,25.12306574,394110,122014,0.309593768,NA,NA,NA,NA,NA,NA,NA
Guadeloupe,2017,971,0.039258038,NA,27.20213381,390748,127033,0.325102112,NA,NA,NA,NA,NA,NA,NA
Guadeloupe,2018,971,0.040793851,8.233091091,23.67116439,386823,130944,0.338511412,NA,NA,NA,NA,NA,NA,NA
Guadeloupe,2019,971,0.041598729,8.121086856,22.4323434,382704,134799,0.352227831,NA,NA,NA,NA,NA,NA,NA
Guyane,2015,973,0.010582418,5.845045045,29.51574058,259865,24435,0.094029592,NA,NA,NA,NA,NA,NA,NA
Guyane,2016,973,0.011583356,9.156864754,23.10241052,269352,26242,0.097426416,NA,NA,NA,NA,NA,NA,NA
Guyane,2017,973,0.011647763,NA,23.34338675,278165,28039,0.100799885,NA,NA,NA,NA,NA,NA,NA
Guyane,2018,973,0.011895487,NA,24.25334031,287504,29903,0.104008988,NA,NA,NA,NA,NA,NA,NA
Guyane,2019,973,0.011930801,11.38924146,23.84715205,296711,32072,0.108091712,NA,NA,NA,NA,NA,NA,NA
Haut-Rhin,2015,68,0.044452778,14.41558756,21.47978191,762607,252161,0.33065655,18.50718894,54.10389893,5136.272139,19.06051431,13.98574113,0.61617714,13.2
Haut-Rhin,2016,68,0.044733285,13.1099625,18.051754,762743,256856,0.336753009,16.99328405,49.74930631,3933.836146,16.31234486,12.32258806,0.616509099,13.1
Haut-Rhin,2017,68,0.045661442,14.17148494,17.43146303,762788,262698,0.344391889,17.01164614,53.8280555,4215.092876,16.07587245,12.45714091,0.617393296,NA
Haut-Rhin,2018,68,0.046713034,12.84432032,18.12013949,762314,268055,0.351633316,15.36267497,59.43551995,6686.569682,16.26800139,11.56612677,0.617843457,12.9
Haut-Rhin,2019,68,0.047591532,12.03970623,16.51379093,761480,272880,0.358354783,15.45079394,57.32483643,5322.136171,14.3139757,10.01666721,0.618011349,13
Haute-Corse,2015,2B,0.042909603,7.710204846,18.42553944,174553,67276,0.385418755,11.85932378,75.50101038,7091.708883,17.44592442,9.57584652,0.612736533,21.9
Haute-Corse,2016,2B,0.043712249,6.481812747,17.51153429,176152,68912,0.391207593,9.291531035,75.1820027,6978.232541,16.54029881,8.948691325,0.612556201,21.7
Haute-Corse,2017,2B,0.044746633,6.174952417,16.49719044,177667,70539,0.397029274,8.744220906,76.68064881,7343.61424,16.60428998,8.898703795,0.611956846,NA
Haute-Corse,2018,2B,0.046455273,5.269142176,17.38410273,179097,72300,0.403691854,8.936429613,72.7628921,6248.935768,16.11566435,8.820354306,0.611251185,20.6
Haute-Corse,2019,2B,0.04801029,4.370783646,15.36394708,180378,74196,0.411336194,8.006543579,74.46797892,6717.706923,16.47855079,7.905863388,0.611065633,19.8
Haute-Garonne,2015,31,0.039989424,12.80137218,19.98258223,1335103,381040,0.285401201,16.58063402,58.24804542,4826.622434,18.36491975,11.72129937,0.608991965,13
Haute-Garonne,2016,31,0.040061327,10.39557304,16.12887015,1348183,386430,0.286630227,17.42573496,55.17763634,4149.33034,15.59760362,9.734548496,0.60790412,12.8
Haute-Garonne,2017,31,0.040789702,10.95817546,16.59135458,1362844,395727,0.290368523,15.74056179,55.94035337,4111.72371,16.41519148,10.33253814,0.607171792,NA
Haute-Garonne,2018,31,0.04186711,9.794011048,16.61090004,1376737,402505,0.292361577,14.9603459,58.44268101,5204.657584,14.71044315,8.677716113,0.606592867,13.3
Haute-Garonne,2019,31,0.042574736,9.18897399,16.61633463,1390496,410419,0.295160144,13.95833308,60.05009258,5478.844857,14.8468155,8.358311158,0.606367402,13.2
Haute-Loire,2015,43,0.054220954,NA,22.74691373,227034,92914,0.409251478,13.47474114,61.72335836,5176.423015,15.55641778,10.23439623,0.624197257,12.6
Haute-Loire,2016,43,0.055599787,NA,9.381549762,227339,93470,0.411148109,10.51766195,59.17251234,4050.42163,13.26214383,8.655516061,0.623632549,12.3
Haute-Loire,2017,43,0.056709694,NA,11.19191364,227298,94993,0.417922727,10.61924399,59.76107212,3990.123068,13.82650734,8.312158589,0.621353115,NA
Haute-Loire,2018,43,0.057524677,NA,9.632060666,227033,96282,0.424088128,9.177155073,64.4058091,5682.547556,12.1548943,7.6682855,0.620182549,12.1
Haute-Loire,2019,43,0.057795314,NA,11.23589417,226835,97687,0.430652236,9.048055285,65.190145,5722.279547,12.37746027,7.236899945,0.619133177,11.9
Haute-Marne,2015,52,0.054868995,NA,NA,179154,74476,0.41570939,12.68663895,54.87822296,4087.964704,17.64393567,12.45082912,0.617809259,15.7
Haute-Marne,2016,52,0.056209429,15.76156446,18.9839207,178084,75245,0.422525325,9.27648499,50.40820615,2582.781215,14.68204577,10.18998693,0.616658431,15.6
Haute-Marne,2017,52,0.057316003,11.1793357,16.0225027,176565,75104,0.425361765,9.170080623,54.28094976,3281.065251,14.95015163,9.999619601,0.616710317,NA
Haute-Marne,2018,52,0.059038902,12.04024017,17.77598966,174800,75214,0.430286041,9.022902433,58.25726421,4915.14732,15.48329695,10.32179044,0.61566833,14.9
Haute-Marne,2019,52,0.060332522,9.374288605,16.42726414,173041,75653,0.437196965,8.621240081,58.58715386,4457.075303,14.73146804,8.628254953,0.614716367,14.8
Haute-Saône,2015,70,0.051660455,NA,15.57900591,237706,90051,0.378833517,13.93545098,55.05416866,4540.449432,17.24452584,12.85738047,0.627607212,14.2
Haute-Saône,2016,70,0.051635039,NA,15.70719806,237242,91965,0.387642154,9.153589017,49.9800936,3019.722923,15.37002858,11.5850075,0.625947345,14
Haute-Saône,2017,70,0.052394829,NA,14.24509259,236092,93435,0.395756739,10.81311486,54.60505391,3784.999744,15.1464687,10.60256675,0.623639921,NA
Haute-Saône,2018,70,0.05371672,NA,14.36918254,234750,94727,0.403522897,8.05146624,58.56169559,5487.405699,15.10498228,10.27208479,0.622452532,13.2
Haute-Saône,2019,70,0.05488573,NA,14.76940368,233394,95975,0.411214513,9.295150497,58.78630813,4871.724446,13.91407834,8.766751453,0.621315609,12.9
Haute-Savoie,2015,74,0.038000448,18.39234228,22.19950761,793938,225470,0.28398943,19.44003618,50.19598696,5361.832197,19.65507155,14.93118682,0.618172956,9.2
Haute-Savoie,2016,74,0.038494365,13.41950747,18.90760114,801416,230268,0.287326432,17.16534833,48.90994176,4280.140752,18.29283767,13.24242042,0.618774769,9.2
Haute-Savoie,2017,74,0.039200497,13.01223851,18.32265427,810704,236204,0.291356648,18.24468966,52.21972098,4718.170009,17.82187139,12.58874257,0.618837941,NA
Haute-Savoie,2018,74,0.040150598,11.19649908,17.64613421,819664,241277,0.29436086,14.90751529,55.97760157,6428.547977,15.91854389,10.71643967,0.618676823,8.9
Haute-Savoie,2019,74,0.040541991,10.14943302,17.24289761,829017,247073,0.298031283,15.0879986,54.5324153,5433.327931,15.14416655,9.374184666,0.619161365,9.4
Haute-Vienne,2015,87,0.057398316,10.41291535,16.0751144,375795,157107,0.418065701,13.79081952,54.10226059,3577.071206,15.37927906,10.61346207,0.605109169,15.5
Haute-Vienne,2016,87,0.05789673,9.140371799,14.24150781,374978,158437,0.422523455,11.17167847,51.70561422,2738.806542,13.69521365,9.010722903,0.603496738,15.3
Haute-Vienne,2017,87,0.059111799,8.273930053,12.93790923,374037,160232,0.428385427,11.23281661,53.15909483,2901.4368,13.02718024,8.259778918,0.601659607,NA
Haute-Vienne,2018,87,0.06071056,8.068168622,13.53193548,372917,161717,0.433654138,9.928655386,55.61607043,3965.511364,13.59250406,8.146837922,0.601130549,15.5
Haute-Vienne,2019,87,0.0617372,6.581306879,12.92446415,371575,163575,0.440220682,10.06700963,56.64273515,3824.693511,13.13430656,7.977658516,0.600561768,15.5
Hautes-Alpes,2015,5,0.057906838,NA,21.40486417,140916,56452,0.400607454,14.66443481,60.79980035,5230.629452,17.91743604,12.1819464,0.619610264,14.2
Hautes-Alpes,2016,5,0.057828456,12.64142402,18.91940818,141107,57781,0.409483583,11.73468047,60.56215816,5188.852593,16.5494243,10.80997404,0.621351173,14.3
Hautes-Alpes,2017,5,0.058844331,11.6706686,18.69156225,141390,59101,0.417999859,12.05934157,64.30251218,5950.82708,17.12018551,11.04125903,0.620247162,NA
Hautes-Alpes,2018,5,0.060521744,11.75598403,18.86449868,141602,60368,0.426321662,10.73809463,65.43787462,6270.570103,15.93481376,10.06934496,0.61932766,13.9
Hautes-Alpes,2019,5,0.061643063,10.63308072,17.64102224,141784,61645,0.434781075,10.43015708,66.50280524,6792.39148,15.69809348,8.991068428,0.618739013,13.9
Hautes-Pyrénées,2015,65,0.052278832,NA,19.01097528,228582,105911,0.463339196,12.46557071,57.23654655,3921.344441,17.74481078,11.19789431,0.60962368,15
Hautes-Pyrénées,2016,65,0.052495512,NA,15.17184741,227829,106546,0.467657761,11.90092413,56.1911489,3890.486934,14.5757411,8.647595242,0.607780397,15
Hautes-Pyrénées,2017,65,0.053291288,NA,16.31220235,227054,107296,0.472557189,10.84352173,55.51457325,3383.982506,15.97692067,9.91210999,0.606782479,NA
Hautes-Pyrénées,2018,65,0.054727908,NA,13.49920262,226210,108577,0.479983201,9.473290965,57.64024485,3891.899862,13.74671826,7.899012023,0.605985945,15.4
Hautes-Pyrénées,2019,65,0.056345157,NA,13.20578261,225219,109794,0.487498834,9.04848403,59.58688168,4481.706984,14.05933361,7.74434904,0.606229965,14.7
Hauts-de-Seine,2015,92,0.039879643,13.27400565,21.44764721,1601569,423806,0.264619258,30.54753172,43.77778318,2824.973771,20.62266089,13.21061723,0.60307486,12.4
Hauts-de-Seine,2016,92,0.040105584,13.52244298,20.32853078,1603268,429103,0.267642715,32.56569665,39.08337532,1886.771938,20.15274435,13.03038745,0.6020316,12.2
Hauts-de-Seine,2017,92,0.040988867,12.67479932,19.92030124,1604826,435967,0.271659981,31.92872803,40.97424374,2157.435971,19.21119503,12.16396152,0.600450132,NA
Hauts-de-Seine,2018,92,0.041644296,13.00064626,21.44509582,1605502,442219,0.275439707,29.75500544,48.46940845,4169.594413,19.85678358,12.67397257,0.59940944,11.9
Hauts-de-Seine,2019,92,0.041822117,12.08796675,19.88908458,1606088,448995,0.279558156,27.91559638,48.46904756,3261.814704,18.14243875,11.07067762,0.59857586,11.9
Hérault,2015,34,0.050652122,15.40311467,18.98005468,1120190,403520,0.360224605,16.28128024,62.30266262,5774.995589,18.82514294,12.11238217,0.603169998,19.4
Hérault,2016,34,0.051780118,13.50958691,16.93607378,1132481,410994,0.362914698,15.96737401,60.56167407,5227.971822,17.59331935,11.23828285,0.60318363,19.2
Hérault,2017,34,0.053541042,12.19346366,16.50085737,1144169,420110,0.367174779,15.04363327,62.32400244,5248.062512,17.42420503,10.41130432,0.602584349,NA
Hérault,2018,34,0.055479703,10.07934299,16.14875838,1155017,428668,0.371135663,13.02704772,64.53184985,6173.927948,15.22918656,8.927884701,0.602548969,19.7
Hérault,2019,34,0.057009881,8.243303097,15.65323626,1165412,438645,0.376386205,13.1916873,66.52124726,6316.409844,15.32402178,7.751707118,0.603193633,19
Ille-et-Vilaine,2015,35,0.03999486,1205.935205,17.84501921,1042884,320707,0.307519341,12.51299936,54.66138703,2276.546714,16.33261181,9.754512934,0.62013129,10.9
Ille-et-Vilaine,2016,35,0.040578867,1502.973249,17.80027692,1051779,326124,0.31006894,11.82929502,50.94355218,1906.387125,15.90376487,10.26641718,0.618932304,10.6
Ille-et-Vilaine,2017,35,0.041622818,10.68184529,15.03761861,1060476,332400,0.313444151,10.91760745,52.78423732,2124.537354,15.23595134,8.880727439,0.618017938,NA
Ille-et-Vilaine,2018,35,0.043076825,9.935843422,16.10016028,1068556,337977,0.316293203,10.3163645,57.66611368,3516.860625,15.61846604,9.204811649,0.617299492,10.5
Ille-et-Vilaine,2019,35,0.043973503,8.668490963,16.87445666,1076330,344541,0.320107216,9.939758661,56.36877784,2978.067833,15.24714807,8.935641146,0.616147877,10.3
Indre,2015,36,0.060838537,9.653463026,11.18697108,224200,106125,0.473349688,11.65165565,55.25737227,3811.858687,15.78725867,11.40413577,0.615160571,14.7
Indre,2016,36,0.060938234,7.897833294,13.3592858,223505,106388,0.4759983,8.347358846,52.38816377,2920.73338,13.90267139,9.704802144,0.612599271,14.8
Indre,2017,36,0.062007807,7.525504695,14.05751009,221585,107536,0.485303608,7.841707099,54.7216992,3135.908009,13.98134628,8.994864233,0.611676086,NA
Indre,2018,36,0.063021477,7.353964937,14.86077406,219449,108167,0.492902679,7.561335312,58.3660769,4689.399932,14.17377526,8.665582019,0.610175103,14.5
Indre,2019,36,0.063135032,7.169452265,14.9779839,217312,108955,0.501375902,6.942718334,60.25803926,4673.786392,13.77370011,8.366416145,0.609282026,14.5
Indre-et-Loire,2015,37,0.046928257,13.41263637,19.01816709,604966,222650,0.368037212,13.36926757,53.47495453,3488.085553,17.33507209,12.40364323,0.610779779,12.5
Indre-et-Loire,2016,37,0.047127872,11.80924637,17.40201962,606223,225635,0.37219802,11.56221427,51.1366279,2911.359592,15.90301618,11.03636581,0.610506365,12.8
Indre-et-Loire,2017,37,0.048552321,12.21671888,17.10798162,607386,228293,0.375861479,10.69254735,54.62048562,3368.249886,16.24174294,10.86280172,0.609456382,NA
Indre-et-Loire,2018,37,0.049598442,10.33921868,16.33476486,607882,231321,0.380536025,10.35814313,58.71978061,4929.033465,15.48930154,9.680598568,0.608567479,13
Indre-et-Loire,2019,37,0.051102341,10.51177151,16.50480871,608387,234250,0.385034526,9.475064602,59.86348273,4650.728323,15.12107968,9.426138658,0.608639245,12.6
Isère,2015,38,0.046464598,17.08421671,22.41527939,1251060,386537,0.308967595,20.79745212,48.82079956,5233.879859,20.54957173,14.54677521,0.6238206,11.6
Isère,2016,38,0.047465425,14.33557064,20.13713923,1252912,392883,0.313575894,17.92889068,46.00200272,4115.958941,18.49689966,12.99327954,0.622759619,11.5
Isère,2017,38,0.048526116,12.98266666,20.17688952,1256849,401637,0.319558674,17.9804839,50.53139957,4779.094332,18.65309564,12.29487789,0.622286732,NA
Isère,2018,38,0.049628422,12.57168862,18.13647574,1259762,409109,0.324751024,16.33769495,55.60993745,6141.168192,16.30074441,10.62042634,0.621548107,11.3
Isère,2019,38,0.050273035,10.24521839,17.03990941,1262108,417294,0.330632561,15.49329245,53.71037296,5728.449439,15.67360727,9.652733604,0.621129045,11.5
Jura,2015,39,0.051959614,12.44465689,16.79573206,260587,102414,0.393012698,13.68405749,58.54115396,5348.139086,17.83598846,12.33959176,0.621493014,11.9
Jura,2016,39,0.052510969,8.899637907,14.89133057,260517,103919,0.398895274,11.03409181,52.40382271,3586.666371,15.64250196,10.50611036,0.620155307,11.7
Jura,2017,39,0.053472236,10.52779995,16.16055956,260135,105591,0.405908471,11.58344443,57.62834808,4460.291592,14.95447361,10.13578457,0.619402125,NA
Jura,2018,39,0.055496462,10.11788401,14.11760572,259476,107277,0.413437081,9.719609011,61.8900778,6434.516929,14.4991582,9.646060471,0.618343412,11.8
Jura,2019,39,0.056993937,6.422691324,13.3406716,258624,108859,0.420916079,10.46529668,61.53990404,5643.187934,13.34940559,7.701566893,0.617371264,11.4
La Réunion,2015,974,0.021569787,5.078469889,16.85665658,850727,162122,0.190568772,NA,NA,NA,NA,NA,NA,NA
La Réunion,2016,974,0.022545971,6.300876015,16.30604411,852924,170337,0.19970947,NA,NA,NA,NA,NA,NA,NA
La Réunion,2017,974,0.023699721,5.632795041,15.45019311,857816,179305,0.209025012,NA,NA,NA,NA,NA,NA,NA
La Réunion,2018,974,0.025153425,5.544641709,15.7852502,862308,188310,0.218379048,NA,NA,NA,NA,NA,NA,NA
La Réunion,2019,974,0.02630103,5.071592833,14.37888794,866506,196966,0.227310601,NA,NA,NA,NA,NA,NA,NA
Landes,2015,40,0.051905345,NA,21.84795913,403234,168467,0.417789671,10.36347276,54.64221198,3230.398691,18.50795212,11.5757677,0.616064122,12
Landes,2016,40,0.052838202,9.514297133,16.76269284,405010,172378,0.425614182,9.640016875,52.11417634,2809.184587,15.22664331,8.938529127,0.614555196,11.9
Landes,2017,40,0.05498449,9.369032171,17.65412663,406842,174735,0.429491055,8.613602084,52.06075395,2784.107317,16.21329105,9.262837612,0.612962763,NA
Landes,2018,40,0.05701028,8.80769613,15.98010549,408172,177768,0.43552228,7.754796751,55.89274506,3481.669748,14.81268843,8.181093753,0.611536797,11.8
Landes,2019,40,0.059268308,8.156523409,16.88070641,409325,181539,0.443508215,7.336105242,59.08532471,4152.025034,15.6911319,7.915403844,0.611247581,11.5
Loir-et-Cher,2015,41,0.04948206,NA,16.22564009,333050,139682,0.419402492,12.10436171,54.12305472,3610.822061,16.70943228,11.79226432,0.623981384,12.8
Loir-et-Cher,2016,41,0.050034709,NA,16.40057644,332769,141048,0.423861598,8.897326053,51.2247365,2828.918584,15.39838384,10.68277302,0.622488874,12.8
Loir-et-Cher,2017,41,0.051173131,NA,13.45804511,332401,142464,0.428590768,7.660173888,54.2279464,3188.702454,14.71330439,9.599540255,0.621406083,NA
Loir-et-Cher,2018,41,0.052528895,NA,14.32323919,331627,143310,0.432142136,8.108693997,59.14349069,5072.7685,14.59939092,9.070540361,0.620230422,12.6
Loir-et-Cher,2019,41,0.053397515,NA,14.19442208,330727,144595,0.437203494,7.076339329,60.42842774,4893.224554,14.05522646,8.55737802,0.61960483,12.5
Loire,2015,42,0.048432272,10.68898923,18.4650946,759411,290067,0.381963127,17.93331955,55.54102566,5068.694752,18.01760361,11.23857085,0.61672138,14.9
Loire,2016,42,0.04824166,10.14559064,16.55321069,761997,292498,0.383857154,15.95618134,52.56931932,3935.1087,15.95189964,10.32652725,0.617460436,14.9
Loire,2017,42,0.049244089,9.179123072,17.5389654,762325,294712,0.386596268,15.41626315,54.41773752,3975.80612,16.14964426,9.70468582,0.617561515,NA
Loire,2018,42,0.050615706,8.702786546,14.42639994,762214,297389,0.390164704,13.06064298,59.86399825,5781.392403,13.65079871,8.897451006,0.617370975,15
Loire,2019,42,0.051795933,8.263993974,14.80403138,762222,300578,0.39434443,13.19904812,60.68866935,5900.040123,13.74039008,8.378650987,0.617880934,15.1
Loire-Atlantique,2015,44,0.046292668,12.10332407,17.93199397,1365227,426530,0.312424234,12.48113936,56.70524321,3186.995345,17.25794569,11.24947253,0.616120982,10.4
Loire-Atlantique,2016,44,0.045986101,12.05315613,16.23555943,1380852,434448,0.314623146,11.90231294,53.38349862,2776.200232,15.93122822,10.917833,0.615152819,10.2
Loire-Atlantique,2017,44,0.046684191,10.84563637,16.64972175,1396190,442387,0.316853007,11.44803982,56.19665921,3139.067318,16.15296444,9.522770005,0.614362657,NA
Loire-Atlantique,2018,44,0.047774831,9.721187035,16.15612018,1410994,450477,0.319262166,10.63545806,58.7665772,4116.890007,15.86434064,8.985849568,0.613453869,10.3
Loire-Atlantique,2019,44,0.048695559,9.482597469,16.32194595,1425592,459102,0.322043053,10.2571386,59.24480498,4046.796793,15.92488098,8.949218588,0.612967861,10.1
Loiret,2015,45,0.044211843,13.19552081,18.02959743,673349,229689,0.34111434,13.48533808,53.13213122,3954.852031,17.4719089,11.96634951,0.621931569,13.4
Loiret,2016,45,0.044117865,12.11054157,16.69946217,674330,232777,0.345197455,12.4815364,48.94844141,2727.049812,15.59778172,10.77898108,0.622149393,13.2
Loiret,2017,45,0.045125192,10.75690888,16.83802331,676119,235287,0.347996433,11.75873953,51.39851473,3016.665497,15.63390932,10.07407855,0.621316758,NA
Loiret,2018,45,0.04581061,9.837277518,16.26582562,677354,238253,0.351740744,11.22732889,58.36492116,5408.336754,15.30749514,9.347017397,0.620426852,13.2
Loiret,2019,45,0.046322353,9.430197796,14.50184914,678722,241952,0.356481741,10.11437834,58.66768379,4722.825721,14.02891051,8.677677328,0.620214541,13.3
Lot,2015,46,0.05455594,NA,NA,173400,86397,0.498252595,11.26998232,57.21498275,4272.814655,16.12730581,10.99325299,0.615553633,15
Lot,2016,46,0.055034122,NA,NA,173347,87926,0.507225392,8.534999888,53.49478598,3198.975465,13.35038902,8.755663704,0.614582312,14.7
Lot,2017,46,0.056921386,NA,NA,172870,89262,0.516353329,8.418031142,54.8872991,3382.029122,14.05520012,8.947671226,0.61556251,NA
Lot,2018,46,0.059722803,NA,NA,172296,90404,0.524701676,6.654734604,59.17078836,4785.789301,12.89236309,7.809469877,0.614603668,15
Lot,2019,46,0.061768644,NA,NA,171770,92065,0.535978343,6.183727015,60.01737203,4679.594068,13.22155753,7.626869854,0.613919929,14.8
Lot-et-Garonne,2015,47,0.052276879,NA,20.47355549,333417,148228,0.444572412,11.38181437,55.00438842,4332.214645,17.8226897,11.75945726,0.617125102,17
Lot-et-Garonne,2016,47,0.052879372,9.009961495,15.79502039,332833,149217,0.448323934,9.994982273,52.58052699,3482.564656,14.50090119,9.358953176,0.616372175,17.2
Lot-et-Garonne,2017,47,0.05459317,8.951938561,16.49345308,332276,151262,0.45522999,9.150171341,53.24775784,3419.703375,15.45472289,9.890392511,0.615568348,NA
Lot-et-Garonne,2018,47,0.055925304,8.554814642,15.35272526,331156,152459,0.46038423,8.105057577,57.47951266,4576.471068,13.90504063,8.199345611,0.614765655,17
Lot-et-Garonne,2019,47,0.056881684,6.86413945,17.08660632,330159,153737,0.465645341,7.894357867,60.63033909,4916.012509,14.12968751,7.893617302,0.61458868,16.8
Lozère,2015,48,0.053728918,NA,NA,76309,32747,0.429136799,11.77878147,67.38578281,5456.399884,14.84867033,10.16801735,0.6287987,15.3
Lozère,2016,48,0.053911177,NA,NA,76422,33259,0.435201905,7.218142945,64.9546021,4404.886387,12.5708248,8.439124863,0.628091387,14.3
Lozère,2017,48,0.05574136,NA,NA,76245,33788,0.443150371,7.257172278,66.20698869,4544.28133,13.00505521,8.095651921,0.626506181,NA
Lozère,2018,48,0.057275277,NA,NA,75949,34135,0.449446339,6.428904871,69.00866765,5837.705384,12.17539496,7.352042907,0.625444561,14.5
Lozère,2019,48,0.058256275,NA,NA,75700,34684,0.458177015,6.095464288,69.72850365,5750.942417,12.21074825,6.859472305,0.624285022,14.7
Maine-et-Loire,2015,49,0.043755385,12.34032759,16.84935348,810186,275108,0.339561533,11.82808005,56.09296665,3423.471047,16.91196821,11.59896624,0.624633109,11.7
Maine-et-Loire,2016,49,0.044060306,12.39557092,17.21159157,810934,280998,0.346511553,10.93551401,51.97949257,2793.289267,16.13022669,11.12859718,0.622981648,11.7
Maine-et-Loire,2017,49,0.045160306,11.24483898,16.80595108,812882,288344,0.354718151,10.06810263,55.15339712,3360.292016,16.18657749,10.30101065,0.622349547,NA
Maine-et-Loire,2018,49,0.046496205,9.846639487,16.07803701,814260,294554,0.361744406,8.91873554,59.16545102,4608.260657,15.52817026,9.397819025,0.621594443,11.4
Maine-et-Loire,2019,49,0.047845951,9.469845301,16.47149254,815325,300250,0.368258057,8.39177882,59.48605954,4355.120873,15.33325603,9.147806172,0.620965734,11.4
Manche,2015,50,0.054097143,NA,20.02317828,499287,208953,0.418502785,11.32750867,58.99969794,2341.099848,18.07009962,10.1973851,0.620823294,12.8
Manche,2016,50,0.054799523,NA,18.5637772,498362,211769,0.424930071,9.173369048,54.5438408,1935.213427,17.04675766,10.29198698,0.620424511,12.5
Manche,2017,50,0.056348633,NA,15.90334111,496729,214673,0.432173278,8.538965905,57.07757293,2148.336721,15.39833329,8.62896903,0.618827772,NA
Manche,2018,50,0.057717142,NA,16.79395281,494827,217378,0.439301008,8.289437372,59.20151921,3127.976949,16.73549907,9.627422261,0.617948267,12
Manche,2019,50,0.059822137,NA,18.31329292,492627,220277,0.447147639,8.05855553,59.45484288,2732.820778,16.66713033,9.171847122,0.61691829,11.4
Marne,2015,51,0.045693377,12.25224834,18.36937264,572293,186241,0.325429457,15.10635931,49.77621818,3695.550921,19.00498188,12.53980135,0.610395374,14.7
Marne,2016,51,0.046612003,13.9609205,21.65594707,570883,188407,0.330027344,15.16386259,45.15986629,2411.93511,17.68308753,11.47161474,0.609930581,14.4
Marne,2017,51,0.048274604,11.78651283,18.83704959,570072,190606,0.334354257,14.73560874,47.93216886,2969.820109,17.16012086,10.98289153,0.607897767,NA
Marne,2018,51,0.049765417,12.37970836,18.21824991,568668,192497,0.338505068,13.63421399,54.70194348,4769.806817,17.53492879,11.51710189,0.607386142,14.4
Marne,2019,51,0.051161356,10.81540336,18.99360484,567225,194626,0.343119573,12.65644492,53.65755251,3928.493051,16.39860442,9.833051108,0.606972663,14.5
Martinique,2015,972,0.034446816,10.96317576,29.52052498,380877,127584,0.334974283,NA,NA,NA,NA,NA,NA,NA
Martinique,2016,972,0.03731938,11.91383639,28.47507511,376480,130974,0.34789099,NA,NA,NA,NA,NA,NA,NA
Martinique,2017,972,0.03901617,12.05996031,28.96594081,372666,135730,0.364213532,NA,NA,NA,NA,NA,NA,NA
Martinique,2018,972,0.040852865,9.500933994,28.73679626,368640,140025,0.379842122,NA,NA,NA,NA,NA,NA,NA
Martinique,2019,972,0.042897841,8.466046595,24.95975507,364354,144161,0.395661911,NA,NA,NA,NA,NA,NA,NA
Mayenne,2015,53,0.04679483,10.31613149,16.53379823,307940,116413,0.378037929,11.28545141,54.98040464,2748.439053,16.55883716,10.27772244,0.636874066,11.8
Mayenne,2016,53,0.047028158,10.74710187,15.92736112,307688,116912,0.37996932,9.610179449,51.68120957,2247.236635,15.76650327,10.18519881,0.63500689,11.7
Mayenne,2017,53,0.048050611,10.26243263,15.72362503,306968,118883,0.38728141,9.042676607,54.18019989,2647.386255,15.29678976,9.167080308,0.633501927,NA
Mayenne,2018,53,0.049055654,9.9564261,15.48219555,305979,120468,0.393713294,8.30877796,58.72949065,4010.44213,15.23491823,9.124010674,0.632159402,11.5
Mayenne,2019,53,0.050455542,9.306878564,15.0590859,305021,122469,0.40151006,7.888668566,58.51283658,3650.235813,14.82871094,8.781319821,0.631073924,11.3
Mayotte,2015,976,0.002713307,NA,NA,232189,12141,0.052289299,NA,NA,NA,NA,NA,NA,NA
Mayotte,2016,976,0.002572753,NA,NA,240987,12602,0.052293277,NA,NA,NA,NA,NA,NA,NA
Mayotte,2017,976,0.002673487,NA,NA,250609,13073,0.052164926,NA,NA,NA,NA,NA,NA,NA
Mayotte,2018,976,0.002803681,NA,NA,260372,13576,0.052140783,NA,NA,NA,NA,NA,NA,NA
Mayotte,2019,976,0.002847928,NA,NA,270372,14071,0.052043111,NA,NA,NA,NA,NA,NA,NA
Meurthe-et-Moselle,2015,54,0.043654506,13.98113833,19.47616316,734403,243164,0.331104312,16.80496394,50.88674251,3790.167563,19.50143261,13.35594594,0.608788363,14.6
Meurthe-et-Moselle,2016,54,0.044206966,12.92696642,17.66521532,733821,246570,0.336008373,15.4473785,46.13893594,2501.78823,16.67143637,11.80694413,0.60873292,14.5
Meurthe-et-Moselle,2017,54,0.044966762,11.37562441,17.19103993,733653,249870,0.340583355,14.23987314,50.28041717,3002.541639,16.49049802,10.7942673,0.607602651,NA
Meurthe-et-Moselle,2018,54,0.045927013,11.48880342,17.75719683,732902,252542,0.344578129,14.97569871,53.7415061,4841.264265,16.13305113,10.75758727,0.607210851,15.4
Meurthe-et-Moselle,2019,54,0.04670975,8.772556846,17.60937776,731753,255230,0.348792557,13.65713668,55.33202988,4569.07855,15.24558437,8.861213123,0.606786356,15
Meuse,2015,55,0.048262042,12.62027752,18.89722431,190626,72159,0.378537031,12.76214218,51.64730129,3428.963926,17.88835349,12.19173011,0.623970497,15.6
Meuse,2016,55,0.048980455,10.18627773,15.30983441,189055,72775,0.38494089,9.480463737,47.55551408,2337.5886,15.04527224,10.12538877,0.623194309,15.5
Meuse,2017,55,0.050596063,10.46429675,14.79885428,187564,73139,0.389941567,9.076426423,51.47110745,2951.11265,15.02505039,9.767992898,0.621560258,NA
Meuse,2018,55,0.052181016,11.07559587,16.46344836,186083,73706,0.396092066,8.656834108,55.88656043,4720.004317,15.88537993,10.23948726,0.620207989,14.5
Meuse,2019,55,0.054045557,9.525868931,16.04443224,184474,74329,0.402923989,8.736822576,56.23353227,4245.779542,14.64337823,8.586849498,0.619300453,14.4
Morbihan,2015,56,0.057249269,8.003225623,14.9651586,744813,301116,0.404284028,10.25050805,58.80325721,2604.698842,16.05773033,8.892713026,0.615976091,11.4
Morbihan,2016,56,0.058578178,9.31019836,13.79180383,747548,306880,0.410515445,9.3131429,54.46800173,2213.525791,14.95345441,9.277618403,0.614591973,11.3
Morbihan,2017,56,0.060417034,11.28045022,15.60393013,749292,312716,0.417348644,8.732996699,57.2705969,2623.404911,15.58309121,9.015444445,0.613912258,NA
Morbihan,2018,56,0.062517322,9.104179292,15.56921769,750512,318731,0.424684749,7.780814931,59.93194959,3669.263757,16.03299657,9.212060192,0.612459579,11.2
Morbihan,2019,56,0.064407587,9.072111578,14.34195371,751309,325540,0.433297085,7.473035416,58.8482945,2900.611466,15.35162459,8.83923819,0.611173648,11
Moselle,2015,57,0.048081066,14.57805604,19.83599926,1044486,349605,0.334714874,17.31861069,49.16834681,3857.214084,18.69343962,13.23362294,0.611880868,14.7
Moselle,2016,57,0.049154717,13.61616399,17.16592682,1045271,355811,0.340400719,16.8786058,44.73669272,2711.084805,16.34376394,11.71388087,0.611554324,14.6
Moselle,2017,57,0.050389667,11.30510105,16.84681942,1043071,363111,0.348117242,14.93608417,49.00419957,3235.467722,16.08155218,10.74517839,0.61141308,NA
Moselle,2018,57,0.051546094,11.76651657,17.1510147,1040040,369683,0.355450752,15.93253526,51.97563935,4744.62195,16.96208719,11.03690598,0.611284649,15.3
Moselle,2019,57,0.052791431,9.974432218,15.71223862,1036153,375237,0.362144394,14.54664633,53.65696525,4560.736631,14.93742408,9.2260029,0.610759494,15.6
Nièvre,2015,58,0.058466,NA,13.94986838,211747,104480,0.493419033,11.81621274,54.49159546,4359.873072,15.36209894,10.73984354,0.610691061,15.7
Nièvre,2016,58,0.059284475,6.43729128,11.79226572,209161,104402,0.49914659,8.433361979,50.33147184,2907.221151,13.05679372,8.910240359,0.610687461,15.8
Nièvre,2017,58,0.060266605,7.295929348,10.83692739,206748,104752,0.506665119,7.692800645,53.35779469,3165.62951,12.94709746,8.304608313,0.608160941,NA
Nièvre,2018,58,0.062430476,7.639471188,11.51291733,204067,104858,0.513841042,7.748192595,59.1736112,5336.317812,13.10710297,7.943762279,0.607457448,15.7
Nièvre,2019,58,0.06485773,5.757928922,11.59036663,201518,104978,0.520936095,7.204675224,59.94426096,4928.750322,13.00994426,7.708323796,0.606897064,15.5
Nord,2015,59,0.041927072,14.26138858,21.08368865,2605238,750253,0.28797868,18.4380426,44.98811599,2136.621489,20.18095618,13.25979309,0.612072678,19.4
Nord,2016,59,0.042289445,14.05454552,20.12971359,2603723,761730,0.292554162,18.52315758,41.43677208,1550.098114,19.91244908,13.48139335,0.611602694,19.2
Nord,2017,59,0.043262606,13.83453615,20.77482285,2601785,770377,0.296095565,18.35354625,44.7790324,2137.306511,19.94116565,13.13180669,0.610499466,NA
Nord,2018,59,0.044565078,12.65705814,21.89481804,2597774,778662,0.29974201,17.64285195,48.80923941,3480.085215,21.19057769,13.25475277,0.609433335,19.1
Nord,2019,59,0.045479007,11.94461976,20.24344571,2592185,787641,0.303852156,16.35580271,49.59840083,2905.620764,19.37223425,11.39668886,0.608652835,18.9
Oise,2015,60,0.042529262,13.1162588,21.06304215,821552,234455,0.285380597,16.07079758,49.86771721,3137.799853,18.8691991,12.22827178,0.621729361,13.4
Oise,2016,60,0.043094341,12.94378941,20.60885916,823542,238347,0.289416933,13.97395542,44.82829305,2052.247572,18.36250288,11.83744834,0.62083051,13.1
Oise,2017,60,0.043932938,12.62561304,19.80926302,824666,242271,0.293780755,13.78040139,48.11892425,2630.92577,17.85627329,11.00086678,0.619496836,NA
Oise,2018,60,0.044971025,12.40708234,19.63581303,825198,246599,0.298836158,13.49901337,54.15890438,4233.479985,17.87787564,11.03234226,0.61841724,12.9
Oise,2019,60,0.045588561,11.27301074,18.50036335,825207,251226,0.304439977,12.81723283,53.44767839,3651.028937,16.84476545,9.840638283,0.617719681,12.9
Orne,2015,61,0.052683363,8.096750769,16.3866546,286618,124272,0.433580585,11.12544916,56.66467265,2904.156549,16.67285415,10.16824488,0.623453517,16.1
Orne,2016,61,0.05278506,8.292451917,14.95747687,285308,125503,0.439886018,8.64587606,52.94521909,2344.155627,15.73194002,9.827277009,0.622351985,16
Orne,2017,61,0.054108548,7.371172218,13.53629404,283689,126912,0.447363134,7.976298828,55.53152456,2675.710766,14.90966961,8.701742202,0.621165817,NA
Orne,2018,61,0.055596554,7.909206388,14.22618136,281852,128186,0.454798973,8.121471801,59.7133653,4099.740214,15.30755203,9.175682169,0.620722612,15.4
Orne,2019,61,0.056692463,6.564283215,12.56727002,279755,129336,0.462318815,7.616332112,59.75398305,3760.201989,14.46361178,8.452971182,0.620370636,15.1
Paris,2015,75,0.044482454,17.20380336,28.7146962,2206488,639346,0.289757298,36.89426717,39.53056038,2276.648926,22.0255907,14.05583535,0.572089221,16.2
Paris,2016,75,0.044705654,16.35139703,27.03838719,2190327,640744,0.292533489,36.73230065,36.54055312,1670.214747,21.20231722,13.70233908,0.570931646,15.8
Paris,2017,75,0.045835252,15.15458857,25.92036315,2174309,645194,0.296735193,36.4233691,39.01184687,2104.156876,20.03379616,12.89316978,0.570528533,NA
Paris,2018,75,0.046889834,15.32712586,26.60210939,2157184,649229,0.300961346,34.65660334,44.97440078,3768.768048,21.04613632,13.78008614,0.570166215,15.2
Paris,2019,75,0.047502343,13.7774205,24.20076616,2140526,654307,0.305675801,32.33802122,45.26326107,2916.468984,19.62823689,12.20326346,0.569896822,15
Pas-de-Calais,2015,62,0.044694998,11.83546823,18.70628107,1472648,465746,0.316264308,15.01754989,49.47459195,2039.828405,19.05531116,12.19096635,0.614762659,20.3
Pas-de-Calais,2016,62,0.045521766,12.85930394,19.7511203,1470725,471077,0.320302572,14.97611945,44.87462227,1420.211753,19.11551697,12.75225635,0.614230397,19.8
Pas-de-Calais,2017,62,0.046976568,11.53571324,19.58618371,1469456,476757,0.324444556,13.98802858,48.93936772,2081.816834,19.2647914,12.15949065,0.612329004,NA
Pas-de-Calais,2018,62,0.048573072,12.24938962,20.75618925,1467068,481507,0.328210417,13.78356204,52.58090713,3537.03856,20.40853766,12.76415128,0.611213445,19.3
Pas-de-Calais,2019,62,0.049391879,10.95288671,19.99123612,1463196,487192,0.332964278,12.72733097,52.80011288,2905.921041,19.16372081,11.08888443,0.610194651,18.4
Puy-de-Dôme,2015,63,0.051351272,12.31429039,16.78848779,647501,237883,0.367386305,15.95926523,57.03264081,4666.963535,15.84097587,10.71591943,0.605002927,12.8
Puy-de-Dôme,2016,63,0.051652067,12.398116,15.03833251,650700,242326,0.372408176,14.64285298,53.10940333,3570.888111,14.10947926,10.10852178,0.604409098,12.9
Puy-de-Dôme,2017,63,0.053171532,11.11246379,14.75174617,652981,246257,0.377127359,13.91140396,55.77049037,3586.989292,14.22039786,9.577590072,0.603868193,NA
Puy-de-Dôme,2018,63,0.054596907,9.757197495,11.94090752,654799,249589,0.381168878,11.8714353,60.90625158,5582.457688,13.05267581,8.389606715,0.603957392,13.2
Puy-de-Dôme,2019,63,0.055403012,8.783841759,13.79292554,656643,253599,0.38620529,11.38312996,62.8291877,5713.989532,12.93638119,7.753448306,0.604264686,13.1
Pyrénées-Atlantiques,2015,64,0.049430475,11.07426571,21.58416762,670032,272806,0.407153688,12.53016889,54.50617994,3266.621687,17.97656891,10.89164181,0.607665007,12.1
Pyrénées-Atlantiques,2016,64,0.049466903,7.752661901,16.33275117,673986,278024,0.412507085,12.4720697,52.36877845,3011.421746,14.36337801,8.419986414,0.607162463,12.1
Pyrénées-Atlantiques,2017,64,0.051141404,7.846958353,17.58271683,676360,282424,0.417564611,11.80545745,52.63527736,3028.290686,15.49513761,8.650662286,0.606658113,NA
Pyrénées-Atlantiques,2018,64,0.052917934,7.609828259,15.96775253,678031,286492,0.422535253,10.63166228,54.72315786,3292.47445,14.3894122,7.831748963,0.606460464,12.3
Pyrénées-Atlantiques,2019,64,0.054227987,6.253957732,17.54530793,679354,290971,0.42830542,10.28280757,57.43322339,4069.093458,15.00310805,7.468716919,0.606128983,12.1
Pyrénées-Orientales,2015,66,0.058424161,10.05185764,17.25555549,471038,204260,0.43363805,14.81645203,65.84984229,5444.261803,17.85102278,10.7021815,0.610315941,20.9
Pyrénées-Orientales,2016,66,0.059152263,9.77882936,16.28709288,474369,207323,0.43705006,13.93925036,64.12345411,4953.841992,16.78264223,9.841968892,0.609154477,20.7
Pyrénées-Orientales,2017,66,0.060554123,9.869670035,15.91503965,477259,211005,0.44211843,12.00258096,65.47489597,4802.677443,16.73600137,9.799145012,0.607243725,NA
Pyrénées-Orientales,2018,66,0.062052635,NA,14.2987846,479754,215158,0.448475677,12.06861642,66.63553013,5914.298903,15.25080967,8.555342157,0.606831504,21
Pyrénées-Orientales,2019,66,0.062944917,9.648951807,13.76835294,481691,218832,0.454299541,10.8892415,67.25392544,5744.663839,15.30285668,8.853577323,0.606721785,20.7
Rhône,2015,69,0.040285511,17.22803918,25.85265908,1821995,534773,0.293509587,26.49196758,48.75988366,4972.072284,22.98031526,15.28066672,0.609800246,14
Rhône,2016,69,0.039969432,14.81117233,22.40000939,1835903,543777,0.296190485,23.74146423,43.12267493,3226.057744,19.83917197,13.58408001,0.609386226,13.9
Rhône,2017,69,0.040656025,12.63947182,21.75354269,1852124,549962,0.296935842,22.77264193,49.21450414,4343.140165,20.11850433,12.76351427,0.609240723,NA
Rhône,2018,69,0.041632861,11.83153482,19.09461783,1867275,557862,0.29875728,20.31927624,53.39691275,5687.487609,16.66628236,10.662393,0.609598544,14.2
Rhône,2019,69,0.042436564,11.18588845,18.05136116,1882339,567412,0.301439858,19.35911143,53.12492253,5541.057077,16.05374017,10.16477031,0.609510199,14.2
Saône-et-Loire,2015,71,0.055292686,13.08693972,16.59918341,555408,240838,0.43362357,15.52811528,53.60599483,5016.517339,16.41749216,11.63557232,0.617558624,13.3
Saône-et-Loire,2016,71,0.055114833,10.40692615,14.09636324,555023,242544,0.436998106,12.6053656,49.19290472,3565.734747,14.29286386,9.893138641,0.617940157,13
Saône-et-Loire,2017,71,0.056453696,10.48499444,14.45066676,553551,245605,0.443689922,12.89533412,52.94687483,4005.658608,14.39388237,9.423021924,0.617467643,NA
Saône-et-Loire,2018,71,0.058350841,11.00017501,14.45322887,551663,248245,0.449993927,10.99826493,59.54166294,6104.995845,14.32513914,8.992478684,0.617233005,13.1
Saône-et-Loire,2019,71,0.06035328,9.664448669,14.49989991,549763,251744,0.457913683,11.08197205,59.18682119,5629.23484,13.79029667,8.13737522,0.617380965,12.9
Sarthe,2015,72,0.052740371,13.0262044,17.21704088,568445,211263,0.371650731,12.1276409,54.45275211,3249.168084,17.07832319,11.80707085,0.623836959,13.5
Sarthe,2016,72,0.053756336,10.03248299,15.14962536,567561,214316,0.37760875,10.54635657,50.86177026,2594.26159,15.76502092,10.29293421,0.623275736,13.4
Sarthe,2017,72,0.055199433,10.62350367,16.64776906,566129,217215,0.383684637,9.702706118,53.50632615,3094.037475,15.95957039,10.0732383,0.622372932,NA
Sarthe,2018,72,0.056551678,9.410946153,15.31305949,563909,219580,0.389389068,9.424119055,58.23884892,4429.306441,15.47048737,9.508795885,0.621095584,13.1
Sarthe,2019,72,0.057462566,9.289708285,15.10564507,561583,222644,0.39645787,8.881136776,58.71363694,4275.752705,14.8820164,9.016241418,0.620202056,13.2
Savoie,2015,73,0.04670671,15.8731918,21.10759135,428204,148183,0.34605702,20.01966888,48.77363099,5076.426549,19.79788885,14.69819559,0.617637855,10.4
Savoie,2016,73,0.047151259,15.38132231,18.32684191,429681,151070,0.351586409,17.21318453,47.41550247,4112.173758,17.74187898,13.02431571,0.616585327,10.1
Savoie,2017,73,0.048472951,13.12044293,19.29733516,430962,154382,0.358226479,17.93094899,51.57338996,4832.678429,17.97052928,12.25828557,0.615934634,NA
Savoie,2018,73,0.049622218,10.22849087,17.0908033,431863,157739,0.365252406,15.70236408,55.628668,5998.179529,15.5695718,10.12973753,0.615669533,10
Savoie,2019,73,0.05086477,9.001914111,15.2781109,432716,161040,0.372160955,14.94192709,54.33814597,5587.20509,14.72010306,8.912861373,0.614978447,10.1
Seine-et-Marne,2015,77,0.038931863,17.14869565,26.29419641,1390121,340641,0.245044136,17.13337992,49.93543589,3578.671285,17.96633224,11.71190241,0.620843078,11.8
Seine-et-Marne,2016,77,0.03975917,15.75739937,25.21987249,1397665,348725,0.249505425,16.33972573,44.08533698,2277.950509,17.65932241,11.24782147,0.620026974,11.6
Seine-et-Marne,2017,77,0.040882912,12.89355065,23.98593408,1406211,357751,0.254407767,16.61226996,46.96676244,2888.328642,17.36306182,10.49931604,0.619093915,NA
Seine-et-Marne,2018,77,0.041979165,14.11679963,23.58388439,1414273,365951,0.258755559,15.46933885,54.69122669,4887.84176,16.88406072,10.12360362,0.618209359,11.8
Seine-et-Marne,2019,77,0.042701347,13.63216816,21.63415858,1421735,374532,0.263433059,14.97048202,53.33727061,3937.253408,15.90696133,9.099937135,0.617672109,11.7
Seine-Maritime,2015,76,0.046306787,12.75611069,21.22120783,1257699,420783,0.334565743,15.18328564,53.11580817,2653.090454,17.90467817,11.53090929,0.608438108,14.7
Seine-Maritime,2016,76,0.046951834,12.7272865,19.3126979,1255755,426817,0.339888752,15.37676482,48.81605809,2226.467752,17.19809637,10.79391782,0.608257184,14.7
Seine-Maritime,2017,76,0.048330867,13.23225127,19.99673625,1254064,434368,0.346368287,14.81960156,52.07330289,2491.846471,17.05430097,9.842630759,0.607463619,NA
Seine-Maritime,2018,76,0.049879635,11.63450018,19.62520685,1251613,439407,0.351072576,14.85085888,54.27514763,3613.046919,17.5582886,10.51933852,0.606915409,14.9
Seine-Maritime,2019,76,0.051033566,11.58463473,19.45238119,1248590,444978,0.356384402,14.30024236,54.6770356,3101.005634,16.77634041,10.07309456,0.606680658,14.8
Seine-Saint-Denis,2015,93,0.032568095,19.08257226,29.38216692,1592663,340003,0.213480818,30.82903042,42.58751517,2955.030566,20.83323048,13.34131852,0.628622,29
Seine-Saint-Denis,2016,93,0.032539554,16.61180922,28.68315363,1606660,346001,0.215354213,30.59265758,39.311048,2031.169783,20.3636912,12.95348667,0.627982274,28.6
Seine-Saint-Denis,2017,93,0.033328486,15.37484113,28.33658575,1622936,348838,0.214942549,30.66937456,41.94479703,2598.009546,19.55338825,11.97395472,0.627765445,NA
Seine-Saint-Denis,2018,93,0.033497444,14.3265258,27.16469915,1638931,352755,0.215234809,28.68927271,48.42497825,4234.7902,19.10909899,11.77283529,0.627556701,28.4
Seine-Saint-Denis,2019,93,0.033200824,13.20302274,27.12508265,1654477,357517,0.216090644,27.50869236,47.93616293,3428.82128,18.64779248,11.04810449,0.627126725,27.9
Somme,2015,80,0.045289301,12.4608768,19.68086401,571879,191004,0.333993729,14.61068198,50.08281828,2606.869154,18.83528212,12.12618281,0.612837681,17.3
Somme,2016,80,0.04536058,11.80100119,19.3477994,572744,193674,0.338151076,12.4335413,44.54923717,1684.03407,18.39704481,12.00553097,0.611447697,17.1
Somme,2017,80,0.04669907,12.68136364,19.20386565,571960,195790,0.342314148,12.16220125,48.09885687,2273.239685,18.19001477,11.66434147,0.610731549,NA
Somme,2018,80,0.04790329,8.482037638,18.73890616,570942,198317,0.347350519,12.24565341,52.76913357,3719.243282,19.5266626,11.87861403,0.609711784,16.4
Somme,2019,80,0.049380159,11.67836134,18.79731757,569662,200849,0.352575738,11.58517925,52.78189687,3157.213135,18.09880128,10.45429985,0.608752682,15.9
Tarn,2015,81,0.056371477,NA,16.78059764,386543,166509,0.430764495,12.33563211,60.52489254,5056.114924,16.86855517,11.17130184,0.617685484,15.7
Tarn,2016,81,0.057394527,NA,14.58509283,386448,168752,0.436674533,11.34272265,56.75505938,3956.717231,14.81851403,9.496687217,0.616794498,15.5
Tarn,2017,81,0.059300068,NA,15.65534074,387352,169992,0.438856647,10.07635427,57.46587268,4055.141367,15.79675255,9.815454688,0.615068705,NA
Tarn,2018,81,0.061115611,NA,14.60915057,387626,171246,0.441781511,9.759711361,60.97194182,5347.220396,14.31099959,8.494952517,0.613813029,15.6
Tarn,2019,81,0.062351988,NA,14.55432621,387638,173102,0.446555807,8.442943182,61.63770219,5216.787107,14.45071508,8.212183393,0.61302191,15.1
Tarn-et-Garonne,2015,82,0.042033266,NA,NA,255274,97528,0.382052226,12.17030014,58.18722965,4764.346266,17.63846469,11.57070477,0.628320941,17.2
Tarn-et-Garonne,2016,82,0.042001269,NA,NA,256897,98068,0.381740542,11.91654695,53.67084004,3673.264603,14.65217337,9.377050775,0.627547227,17.2
Tarn-et-Garonne,2017,82,0.043730257,NA,NA,258631,98870,0.382282093,10.74006617,54.66245623,3787.506755,15.68136227,9.992077484,0.627283249,NA
Tarn-et-Garonne,2018,82,0.044864254,NA,NA,260118,100122,0.384909925,9.221271118,59.37147425,5095.954171,13.7550917,8.180819123,0.62714983,17
Tarn-et-Garonne,2019,82,0.045993623,NA,NA,261558,101659,0.388667141,8.361280704,60.85471596,5230.850992,13.9990484,7.969144404,0.626787444,16.4
Territoire de Belfort,2015,90,0.045126416,NA,19.15480173,144483,47537,0.329014486,16.85822712,54.96902832,4703.904948,18.52399912,13.40990644,0.62767246,15.1
Territoire de Belfort,2016,90,0.044625197,NA,15.97467715,144089,48449,0.336243572,14.84424121,50.87949217,3498.16665,16.53677655,12.51671309,0.627612101,14.6
Territoire de Belfort,2017,90,0.044773525,NA,19.52868701,143835,48989,0.34059165,15.29300423,55.27729703,4004.268433,16.61156426,11.59435718,0.624293587,NA
Territoire de Belfort,2018,90,0.045925265,NA,20.67017419,143494,49731,0.346571982,13.18251906,59.98249414,6298.726297,16.45657077,11.06893561,0.62320618,14.5
Territoire de Belfort,2019,90,0.046190183,NA,15.16261193,143104,50625,0.353763696,13.8158324,58.27769428,5124.495975,14.14149855,9.577169342,0.622015097,14.7
Val-d'Oise,2015,95,0.036087182,NA,18.24036653,1215390,287456,0.236513383,22.22189218,48.24220348,3319.935414,19.86364839,12.743045,0.619993582,17.1
Val-d'Oise,2016,95,0.036524396,NA,18.15395388,1221923,293408,0.240119877,22.98950117,43.23368594,2163.285122,19.18644435,12.29071886,0.619810741,16.8
Val-d'Oise,2017,95,0.037200027,NA,16.06601584,1229569,297933,0.242306857,22.60209369,46.36201764,2684.625746,18.18409152,11.11086924,0.619538376,NA
Val-d'Oise,2018,95,0.037423812,NA,16.58627424,1236913,303835,0.24563975,21.14018245,53.54091512,4629.656548,17.93654988,10.99054006,0.618705298,17.2
Val-d'Oise,2019,95,0.037454147,NA,15.25912194,1243921,309841,0.249084146,20.16411792,52.81561751,3926.778778,17.05103269,10.04872289,0.618563376,17
Val-de-Marne,2015,94,0.039624334,13.65793939,19.31847546,1372389,362843,0.264387867,30.62973784,43.13005439,2927.822779,19.79733186,13.01024807,0.607541302,16.8
Val-de-Marne,2016,94,0.039712629,13.1198826,21.00778533,1378151,367180,0.266429441,31.00507694,39.0549555,1942.111383,19.91860907,12.66591727,0.60704306,16.7
Val-de-Marne,2017,94,0.04072612,11.79160872,20.0137452,1384124,371020,0.268054018,31.08095613,41.78802174,2572.351425,19.26132986,11.86242425,0.607206004,NA
Val-de-Marne,2018,94,0.040983872,13.3410562,20.24633109,1390059,376113,0.270573407,29.25874634,47.72282939,4178.767297,19.44031539,12.27276934,0.606776377,16.6
Val-de-Marne,2019,94,0.041126455,10.79738012,19.37999234,1395209,381933,0.273746084,27.51754793,47.94904638,3356.484587,18.00754597,10.58831756,0.606352388,16.6
Var,2015,83,0.060334601,14.83472706,21.83538637,1048652,451142,0.430211357,19.01895067,64.40822469,7111.880862,19.96083515,12.59759787,0.609831479,15.7
Var,2016,83,0.061364568,19.85951646,23.05258705,1055821,460266,0.435931848,15.79741754,65.78228932,7325.807015,19.00175768,11.46700721,0.610594031,15.5
Var,2017,83,0.063272265,12.4361101,21.74963532,1063025,467906,0.440164625,15.64440341,66.72874955,7382.977277,20.48665485,11.69400999,0.610566334,NA
Var,2018,83,0.065367421,12.43884995,20.55778779,1069646,477124,0.446057855,13.99208189,68.3519208,7625.338368,18.64838539,10.70099919,0.61091296,15.6
Var,2019,83,0.067010707,13.05617526,20.97746229,1075649,486777,0.452542605,13.8409166,67.72835666,7339.778054,18.94559958,10.20283898,0.611748307,15.3
Vaucluse,2015,84,0.051475389,11.20583685,21.46361279,557548,204680,0.367107406,16.74689578,59.80520651,6805.302662,19.71988185,12.84655914,0.612818986,20.2
Vaucluse,2016,84,0.052556823,11.73690476,24.574643,559014,208076,0.372219658,14.84544692,58.58888306,6461.388256,17.94549959,11.19401464,0.611566079,19.7
Vaucluse,2017,84,0.05418851,12.68178843,21.59508083,560820,211790,0.377643451,14.44117635,62.04213322,6772.007857,18.49503826,11.28149396,0.612460879,NA
Vaucluse,2018,84,0.055288214,11.7166106,19.55405106,562326,215349,0.382961129,13.72818815,64.75906636,7661.213649,16.33060353,10.2001654,0.612970196,20
Vaucluse,2019,84,0.056177284,10.98316171,21.92594407,563751,218958,0.388394876,13.38252721,64.97000814,7844.18412,16.1390208,9.294023074,0.613208338,19.7
Vendée,2015,85,0.054536128,10.54802623,18.21608908,666714,266341,0.399483137,10.1637991,56.90469806,3037.526277,18.21969142,11.12590475,0.627195469,10
Vendée,2016,85,0.055487871,10.17400836,16.27068365,670597,273302,0.407550287,8.863537756,54.73742312,2888.137265,16.56757141,10.52913035,0.625831908,9.6
Vendée,2017,85,0.05723537,9.095634868,15.46640145,673884,278386,0.413106707,8.274150817,56.95681734,3160.706216,16.54453954,9.446373513,0.623155675,NA
Vendée,2018,85,0.059228974,8.433269758,14.85464323,676527,283802,0.419498409,7.092429901,61.13270003,4378.57776,16.12157514,9.028346622,0.621022373,9.2
Vendée,2019,85,0.060837319,7.623359142,13.62644832,679024,289475,0.42631041,6.720956615,61.52125198,4226.446084,15.6654138,8.647672225,0.619606213,9.1
Vienne,2015,86,0.046402859,13.68518652,20.95090864,434887,163139,0.375129631,12.4135575,52.31541222,3093.203054,17.25413887,12.28230308,0.613248959,13.9
Vienne,2016,86,0.046781587,11.090123,18.40002931,436069,165693,0.379969684,10.26419102,50.00530441,2408.108271,14.92134003,10.21914591,0.612373271,14.1
Vienne,2017,86,0.04782115,11.11025857,19.84493411,436836,168102,0.384817185,9.802144953,53.0205611,2927.088175,15.57276201,10.0360261,0.611097886,NA
Vienne,2018,86,0.049479256,9.924132605,18.69992044,437355,170878,0.390707777,8.853300244,56.09686286,4060.416265,15.18378775,9.204596965,0.609880473,14.3
Vienne,2019,86,0.050506667,9.847309417,16.62208001,437368,173371,0.39639617,8.531542712,58.233153,4104.263512,14.324832,8.924147962,0.608555979,14.1
Vosges,2015,88,0.048492538,NA,16.61916173,372016,148760,0.399875274,13.45648616,57.29391934,4301.154299,16.78783493,12.426389,0.612694078,16.2
Vosges,2016,88,0.049778028,NA,13.66160037,369641,150654,0.407568424,10.1446858,53.80491933,2849.031105,13.83211694,10.39067285,0.611644812,15.7
Vosges,2017,88,0.051156123,NA,16.08306521,366916,152581,0.415847224,10.32882564,57.95494028,3486.291252,14.63693209,10.39745742,0.611722917,NA
Vosges,2018,88,0.052913687,NA,14.64845124,363989,154488,0.424430409,9.704226399,61.91579184,5448.34918,14.25876218,9.690673094,0.610843228,15.4
Vosges,2019,88,0.054399761,NA,12.95321746,361031,156602,0.433763306,9.326747492,61.8764545,4793.314747,12.97644471,8.188771881,0.610319592,15.2
Yonne,2015,89,0.052830277,NA,16.83588434,340903,138449,0.406124323,12.30716325,52.51353529,3846.093445,16.95641083,11.62828325,0.621687107,14.6
Yonne,2016,89,0.05232804,9.782504267,15.30618441,340544,140340,0.412105337,9.37468188,47.43700521,2564.362333,15.01125618,9.985038524,0.620424967,14.7
Yonne,2017,89,0.053259022,10.05885527,14.12859103,339473,141458,0.416698824,8.765745526,51.24872283,3096.454559,14.75292466,9.577474191,0.620613614,NA
Yonne,2018,89,0.054465683,7.629783654,15.65650667,338011,142786,0.422430039,8.642848218,57.82291342,5360.804046,15.24542227,8.798885344,0.619944513,14.5
Yonne,2019,89,0.055596496,7.269663836,14.95070215,336532,144025,0.427968217,8.117659937,57.45670166,4480.470901,14.37569452,8.066978344,0.619960395,14.5
Yvelines,2015,78,0.042906457,11.78597941,9.647998558,1427291,400779,0.280796978,19.09602586,50.89717051,3422.870202,18.35153477,11.81916593,0.621438796,9.7
Yvelines,2016,78,0.043287927,9.780797014,15.35837851,1431808,408720,0.285457268,20.43792571,45.75811444,2377.903151,18.06692273,11.55615341,0.620633493,9.7
Yvelines,2017,78,0.044251676,7.900865593,14.53708997,1433844,416078,0.29018359,19.72898614,47.70230869,2598.029631,17.20181536,10.42786359,0.620716196,NA
Yvelines,2018,78,0.045044166,11.0673482,15.21964669,1435258,424904,0.296047122,18.72174795,54.55467807,4617.195182,17.21273772,10.61093339,0.62064876,9.7
Yvelines,2019,78,0.045378576,8.318526596,15.12557094,1436581,434064,0.302150731,17.67068582,53.95548821,3918.544273,15.85152308,9.307292818,0.620792794,9.9